{
  "project" : "guava",
  "javaVersion" : 11,
  "classpath" : false,
  "totals" : {
    "METHOD_INVOCATION" : 23608,
    "CONSTRUCTOR_CALL" : 3327,
    "FIELD_ACCESS" : 13956,
    "TYPE_REFERENCE" : 68029
  },
  "spoon" : {
    "METHOD_INVOCATION" : {
      "unresolved" : 0,
      "resolved" : 23608
    },
    "CONSTRUCTOR_CALL" : {
      "unresolved" : 0,
      "resolved" : 3327
    },
    "FIELD_ACCESS" : {
      "unresolved" : 795,
      "resolved" : 13161
    },
    "TYPE_REFERENCE" : {
      "unresolved" : 2226,
      "resolved" : 65803
    }
  },
  "javaparser" : {
    "METHOD_INVOCATION" : {
      "unresolved" : 1262,
      "resolved" : 22346
    },
    "CONSTRUCTOR_CALL" : {
      "unresolved" : 254,
      "resolved" : 3073
    },
    "FIELD_ACCESS" : {
      "unresolved" : 1770,
      "resolved" : 12186
    },
    "TYPE_REFERENCE" : {
      "unresolved" : 17677,
      "resolved" : 50352
    }
  },
  "agreement" : {
    "METHOD_INVOCATION" : {
      "bothUnresolved" : 0,
      "bothResolved" : 22346,
      "javaparserOnly" : 0,
      "spoonOnly" : 1262
    },
    "CONSTRUCTOR_CALL" : {
      "bothUnresolved" : 0,
      "bothResolved" : 3073,
      "javaparserOnly" : 0,
      "spoonOnly" : 254
    },
    "FIELD_ACCESS" : {
      "bothUnresolved" : 792,
      "bothResolved" : 12183,
      "javaparserOnly" : 3,
      "spoonOnly" : 978
    },
    "TYPE_REFERENCE" : {
      "bothUnresolved" : 45,
      "bothResolved" : 48171,
      "javaparserOnly" : 2181,
      "spoonOnly" : 17632
    }
  }
}