{
  "project" : "eclipse-collections",
  "javaVersion" : 11,
  "classpath" : false,
  "totals" : {
    "METHOD_INVOCATION" : 27055,
    "CONSTRUCTOR_CALL" : 3817,
    "FIELD_ACCESS" : 16178,
    "TYPE_REFERENCE" : 102944
  },
  "spoon" : {
    "METHOD_INVOCATION" : {
      "unresolved" : 7869,
      "resolved" : 19186
    },
    "CONSTRUCTOR_CALL" : {
      "unresolved" : 1247,
      "resolved" : 2570
    },
    "FIELD_ACCESS" : {
      "unresolved" : 1965,
      "resolved" : 14213
    },
    "TYPE_REFERENCE" : {
      "unresolved" : 19406,
      "resolved" : 83538
    }
  },
  "javaparser" : {
    "METHOD_INVOCATION" : {
      "unresolved" : 16358,
      "resolved" : 10697
    },
    "CONSTRUCTOR_CALL" : {
      "unresolved" : 1632,
      "resolved" : 2185
    },
    "FIELD_ACCESS" : {
      "unresolved" : 2844,
      "resolved" : 13334
    },
    "TYPE_REFERENCE" : {
      "unresolved" : 48154,
      "resolved" : 54790
    }
  },
  "agreement" : {
    "METHOD_INVOCATION" : {
      "bothUnresolved" : 7839,
      "bothResolved" : 10667,
      "javaparserOnly" : 30,
      "spoonOnly" : 8519
    },
    "CONSTRUCTOR_CALL" : {
      "bothUnresolved" : 1198,
      "bothResolved" : 2136,
      "javaparserOnly" : 49,
      "spoonOnly" : 434
    },
    "FIELD_ACCESS" : {
      "bothUnresolved" : 1886,
      "bothResolved" : 13255,
      "javaparserOnly" : 79,
      "spoonOnly" : 958
    },
    "TYPE_REFERENCE" : {
      "bothUnresolved" : 19202,
      "bothResolved" : 54586,
      "javaparserOnly" : 204,
      "spoonOnly" : 28952
    }
  }
}