{
  "project" : "mybatis-3",
  "javaVersion" : 11,
  "classpath" : false,
  "totals" : {
    "METHOD_INVOCATION" : 7280,
    "CONSTRUCTOR_CALL" : 1110,
    "FIELD_ACCESS" : 5114,
    "TYPE_REFERENCE" : 14426
  },
  "spoon" : {
    "METHOD_INVOCATION" : {
      "unresolved" : 28,
      "resolved" : 7252
    },
    "CONSTRUCTOR_CALL" : {
      "unresolved" : 1,
      "resolved" : 1109
    },
    "FIELD_ACCESS" : {
      "unresolved" : 561,
      "resolved" : 4553
    },
    "TYPE_REFERENCE" : {
      "unresolved" : 510,
      "resolved" : 13916
    }
  },
  "javaparser" : {
    "METHOD_INVOCATION" : {
      "unresolved" : 3876,
      "resolved" : 3404
    },
    "CONSTRUCTOR_CALL" : {
      "unresolved" : 635,
      "resolved" : 475
    },
    "FIELD_ACCESS" : {
      "unresolved" : 1225,
      "resolved" : 3889
    },
    "TYPE_REFERENCE" : {
      "unresolved" : 6438,
      "resolved" : 7988
    }
  },
  "agreement" : {
    "METHOD_INVOCATION" : {
      "bothUnresolved" : 28,
      "bothResolved" : 3404,
      "javaparserOnly" : 0,
      "spoonOnly" : 3848
    },
    "CONSTRUCTOR_CALL" : {
      "bothUnresolved" : 1,
      "bothResolved" : 475,
      "javaparserOnly" : 0,
      "spoonOnly" : 634
    },
    "FIELD_ACCESS" : {
      "bothUnresolved" : 559,
      "bothResolved" : 3887,
      "javaparserOnly" : 2,
      "spoonOnly" : 666
    },
    "TYPE_REFERENCE" : {
      "bothUnresolved" : 180,
      "bothResolved" : 7658,
      "javaparserOnly" : 330,
      "spoonOnly" : 6258
    }
  }
}