binaryClass,name,desc,status,levenshteinDistance,constPropValueSimilarity,jessConstPropSimple,jarConstPropSimple,constPropReason,jessConstPropOutput,jarConstPropOutput,jessJimpleCode,jarJimpleCode,notes,elapsedMs,srcRootTried
org/assertj/guava/api/Assertions,<init>,()V,OK,1.000000,,,,levenshteinDistance=1.0;identical_code,,,this := @this: org.assertj.guava.api.Assertions; specialinvoke this.<java.lang.Object: void <init>()>(); return,this := @this: org.assertj.guava.api.Assertions; specialinvoke this.<java.lang.Object: void <init>()>(); return,targetHasCode=true targetClassFile=com/google/common/base/Optional.class,30,src/main/java
org/assertj/guava/api/MultimapAssert,getActual,()Lcom/google/common/collect/Multimap;,OK,0.750000,,,,no_arithmetic_operations_or_constants,,,this := @this: org.assertj.guava.api.MultimapAssert; $stack1 = this.<org.assertj.guava.api.MultimapAssert: com.google.common.collect.Multimap actual>; return $stack1,this := @this: org.assertj.guava.api.MultimapAssert; $stack1 = this.<org.assertj.guava.api.MultimapAssert: java.lang.Object actual>; $stack2 = (com.google.common.collect.Multimap) $stack1; return $stack2,targetHasCode=true targetClassFile=org/assertj/guava/api/MultimapAssert.class,106,src/main/java
org/assertj/guava/api/OptionalAssert,getActual,()Lcom/google/common/base/Optional;,OK,0.750000,,,,no_arithmetic_operations_or_constants,,,this := @this: org.assertj.guava.api.OptionalAssert; $stack1 = this.<org.assertj.guava.api.OptionalAssert: com.google.common.base.Optional actual>; return $stack1,this := @this: org.assertj.guava.api.OptionalAssert; $stack1 = this.<org.assertj.guava.api.OptionalAssert: java.lang.Object actual>; $stack2 = (com.google.common.base.Optional) $stack1; return $stack2,targetHasCode=true targetClassFile=org/assertj/guava/api/OptionalAssert.class,109,src/main/java
org/assertj/guava/api/RangeMapAssert,getActual,()Lcom/google/common/collect/RangeMap;,OK,0.750000,,,,no_arithmetic_operations_or_constants,,,this := @this: org.assertj.guava.api.RangeMapAssert; $stack1 = this.<org.assertj.guava.api.RangeMapAssert: com.google.common.collect.RangeMap actual>; return $stack1,this := @this: org.assertj.guava.api.RangeMapAssert; $stack1 = this.<org.assertj.guava.api.RangeMapAssert: java.lang.Object actual>; $stack2 = (com.google.common.collect.RangeMap) $stack1; return $stack2,targetHasCode=true targetClassFile=org/assertj/guava/api/RangeMapAssert.class,109,src/main/java
org/assertj/guava/api/RangeSetAssert,hasSize,(I)Lorg/assertj/guava/api/RangeSetAssert;,OK,0.571429,,,,no_arithmetic_operations_or_constants,,,this := @this: org.assertj.guava.api.RangeSetAssert; l1 := @parameter0: int; staticinvoke <org.assertj.guava.api.RangeSetAssert: void isNotNull()>(); virtualinvoke this.<org.assertj.guava.api.RangeSetAssert: void assertHasSize(int)>(l1); $stack2 = this.<org.assertj.guava.api.RangeSetAssert: org.assertj.guava.api.RangeSetAssert myself>; return $stack2,this := @this: org.assertj.guava.api.RangeSetAssert; size := @parameter0: int; virtualinvoke this.<org.assertj.guava.api.RangeSetAssert: org.assertj.core.api.AbstractAssert isNotNull()>(); virtualinvoke this.<org.assertj.guava.api.RangeSetAssert: void assertHasSize(int)>(size); $stack2 = this.<org.assertj.guava.api.RangeSetAssert: org.assertj.core.api.AbstractAssert myself>; $stack3 = (org.assertj.guava.api.RangeSetAssert) $stack2; return $stack3,targetHasCode=true targetClassFile=org/assertj/guava/api/RangeSetAssert.class,117,src/main/java
org/assertj/guava/api/RangeSetAssert,isEmpty,()Lorg/assertj/guava/api/RangeSetAssert;,OK,0.666667,,,,no_arithmetic_operations_or_constants,,,this := @this: org.assertj.guava.api.RangeSetAssert; staticinvoke <org.assertj.guava.api.RangeSetAssert: void isNotNull()>(); virtualinvoke this.<org.assertj.guava.api.RangeSetAssert: void assertEmpty()>(); $stack1 = this.<org.assertj.guava.api.RangeSetAssert: org.assertj.guava.api.RangeSetAssert myself>; return $stack1,this := @this: org.assertj.guava.api.RangeSetAssert; virtualinvoke this.<org.assertj.guava.api.RangeSetAssert: org.assertj.core.api.AbstractAssert isNotNull()>(); virtualinvoke this.<org.assertj.guava.api.RangeSetAssert: void assertEmpty()>(); $stack1 = this.<org.assertj.guava.api.RangeSetAssert: org.assertj.core.api.AbstractAssert myself>; $stack2 = (org.assertj.guava.api.RangeSetAssert) $stack1; return $stack2,targetHasCode=true targetClassFile=org/assertj/guava/api/RangeSetAssert.class,120,src/main/java
org/assertj/guava/api/RangeSetAssert,isNotEmpty,()Lorg/assertj/guava/api/RangeSetAssert;,OK,0.666667,,,,no_arithmetic_operations_or_constants,,,this := @this: org.assertj.guava.api.RangeSetAssert; staticinvoke <org.assertj.guava.api.RangeSetAssert: void isNotNull()>(); virtualinvoke this.<org.assertj.guava.api.RangeSetAssert: void assertNotEmpty()>(); $stack1 = this.<org.assertj.guava.api.RangeSetAssert: org.assertj.guava.api.RangeSetAssert myself>; return $stack1,this := @this: org.assertj.guava.api.RangeSetAssert; virtualinvoke this.<org.assertj.guava.api.RangeSetAssert: org.assertj.core.api.AbstractAssert isNotNull()>(); virtualinvoke this.<org.assertj.guava.api.RangeSetAssert: void assertNotEmpty()>(); $stack1 = this.<org.assertj.guava.api.RangeSetAssert: org.assertj.core.api.AbstractAssert myself>; $stack2 = (org.assertj.guava.api.RangeSetAssert) $stack1; return $stack2,targetHasCode=true targetClassFile=org/assertj/guava/api/RangeSetAssert.class,121,src/main/java
org/assertj/guava/api/RangeSetAssert,isNullOrEmpty,()Lorg/assertj/guava/api/RangeSetAssert;,OK,0.600000,,,,no_arithmetic_operations_or_constants,,,this := @this: org.assertj.guava.api.RangeSetAssert; virtualinvoke this.<org.assertj.guava.api.RangeSetAssert: void assertNullOrEmpty()>(); $stack1 = this.<org.assertj.guava.api.RangeSetAssert: org.assertj.guava.api.RangeSetAssert myself>; return $stack1,this := @this: org.assertj.guava.api.RangeSetAssert; virtualinvoke this.<org.assertj.guava.api.RangeSetAssert: void assertNullOrEmpty()>(); $stack1 = this.<org.assertj.guava.api.RangeSetAssert: org.assertj.core.api.AbstractAssert myself>; $stack2 = (org.assertj.guava.api.RangeSetAssert) $stack1; return $stack2,targetHasCode=true targetClassFile=org/assertj/guava/api/RangeSetAssert.class,120,src/main/java
org/assertj/guava/api/TableAssert,checkExpectedSizeArgument,(I)V,OK,0.125000,1.000000,CONSTANT:v0=1; CONSTANT:v1=0,CONSTANT:v0=1; CONSTANT:v1=0,,JIdentity:this := @this: org.assertj.guava.api.TableAssert|JIdentity:l1 := @parameter0: int|JIf:if l1 < 0|JAssign:CONSTANT:$stack2=1:INDEX3|JGoto:goto|JAssign:CONSTANT:$stack2=0:INDEX5|JInvoke:JInvokeStmt|JReturnVoid:return,JIdentity:this := @this: org.assertj.guava.api.TableAssert|JIdentity:expectedSize := @parameter0: int|JIf:if expectedSize < 0|JAssign:CONSTANT:$stack2=1:INDEX3|JGoto:goto|JAssign:CONSTANT:$stack2=0:INDEX5|JInvoke:JInvokeStmt|JReturnVoid:return,"this := @this: org.assertj.guava.api.TableAssert; l1 := @parameter0: int; if l1 < 0; $stack2 = 1; goto; $stack2 = 0; staticinvoke <org.assertj.guava.api.TableAssert: void checkArgument(boolean,java.lang.String)>($stack2, 'The expected size should not be negative.'); return","this := @this: org.assertj.guava.api.TableAssert; expectedSize := @parameter0: int; if expectedSize < 0; $stack2 = 1; goto; $stack2 = 0; staticinvoke <com.google.common.base.Preconditions: void checkArgument(boolean,java.lang.Object)>($stack2, 'The expected size should not be negative.'); return",targetHasCode=true targetClassFile=org/assertj/guava/api/TableAssert.class,117,src/main/java
org/assertj/guava/api/TableIntegerAssert,returnToTable,()Lorg/assertj/guava/api/TableAssert;,OK,1.000000,,,,levenshteinDistance=1.0;identical_code,,,this := @this: org.assertj.guava.api.TableIntegerAssert; $stack1 = this.<org.assertj.guava.api.TableIntegerAssert: org.assertj.guava.api.TableAssert source>; return $stack1,this := @this: org.assertj.guava.api.TableIntegerAssert; $stack1 = this.<org.assertj.guava.api.TableIntegerAssert: org.assertj.guava.api.TableAssert source>; return $stack1,targetHasCode=true targetClassFile=org/assertj/guava/api/TableIntegerAssert.class,106,src/main/java
org/assertj/guava/util/ExceptionUtils,<init>,()V,OK,1.000000,,,,levenshteinDistance=1.0;identical_code,,,this := @this: org.assertj.guava.util.ExceptionUtils; specialinvoke this.<java.lang.Object: void <init>()>(); return,this := @this: org.assertj.guava.util.ExceptionUtils; specialinvoke this.<java.lang.Object: void <init>()>(); return,targetHasCode=true targetClassFile=com/google/common/base/Optional.class,15,src/main/java
