{
  "project" : "xstream",
  "javaVersion" : 11,
  "classpath" : false,
  "totals" : {
    "METHOD_INVOCATION" : 7308,
    "CONSTRUCTOR_CALL" : 1346,
    "FIELD_ACCESS" : 4203,
    "TYPE_REFERENCE" : 13595
  },
  "spoon" : {
    "METHOD_INVOCATION" : {
      "unresolved" : 205,
      "resolved" : 7103
    },
    "CONSTRUCTOR_CALL" : {
      "unresolved" : 41,
      "resolved" : 1305
    },
    "FIELD_ACCESS" : {
      "unresolved" : 752,
      "resolved" : 3451
    },
    "TYPE_REFERENCE" : {
      "unresolved" : 986,
      "resolved" : 12609
    }
  },
  "javaparser" : {
    "METHOD_INVOCATION" : {
      "unresolved" : 3441,
      "resolved" : 3867
    },
    "CONSTRUCTOR_CALL" : {
      "unresolved" : 809,
      "resolved" : 537
    },
    "FIELD_ACCESS" : {
      "unresolved" : 983,
      "resolved" : 3220
    },
    "TYPE_REFERENCE" : {
      "unresolved" : 6485,
      "resolved" : 7110
    }
  },
  "agreement" : {
    "METHOD_INVOCATION" : {
      "bothUnresolved" : 205,
      "bothResolved" : 3867,
      "javaparserOnly" : 0,
      "spoonOnly" : 3236
    },
    "CONSTRUCTOR_CALL" : {
      "bothUnresolved" : 41,
      "bothResolved" : 537,
      "javaparserOnly" : 0,
      "spoonOnly" : 768
    },
    "FIELD_ACCESS" : {
      "bothUnresolved" : 752,
      "bothResolved" : 3220,
      "javaparserOnly" : 0,
      "spoonOnly" : 231
    },
    "TYPE_REFERENCE" : {
      "bothUnresolved" : 460,
      "bothResolved" : 6584,
      "javaparserOnly" : 526,
      "spoonOnly" : 6025
    }
  }
}