{
  "project" : "vavr",
  "javaVersion" : 11,
  "classpath" : false,
  "totals" : {
    "METHOD_INVOCATION" : 9186,
    "CONSTRUCTOR_CALL" : 673,
    "FIELD_ACCESS" : 2763,
    "TYPE_REFERENCE" : 30948
  },
  "spoon" : {
    "METHOD_INVOCATION" : {
      "unresolved" : 520,
      "resolved" : 8666
    },
    "CONSTRUCTOR_CALL" : {
      "unresolved" : 64,
      "resolved" : 609
    },
    "FIELD_ACCESS" : {
      "unresolved" : 615,
      "resolved" : 2148
    },
    "TYPE_REFERENCE" : {
      "unresolved" : 1524,
      "resolved" : 29424
    }
  },
  "javaparser" : {
    "METHOD_INVOCATION" : {
      "unresolved" : 5060,
      "resolved" : 4126
    },
    "CONSTRUCTOR_CALL" : {
      "unresolved" : 337,
      "resolved" : 336
    },
    "FIELD_ACCESS" : {
      "unresolved" : 1212,
      "resolved" : 1551
    },
    "TYPE_REFERENCE" : {
      "unresolved" : 10231,
      "resolved" : 20717
    }
  },
  "agreement" : {
    "METHOD_INVOCATION" : {
      "bothUnresolved" : 516,
      "bothResolved" : 4122,
      "javaparserOnly" : 4,
      "spoonOnly" : 4544
    },
    "CONSTRUCTOR_CALL" : {
      "bothUnresolved" : 64,
      "bothResolved" : 336,
      "javaparserOnly" : 0,
      "spoonOnly" : 273
    },
    "FIELD_ACCESS" : {
      "bothUnresolved" : 579,
      "bothResolved" : 1515,
      "javaparserOnly" : 36,
      "spoonOnly" : 633
    },
    "TYPE_REFERENCE" : {
      "bothUnresolved" : 1252,
      "bothResolved" : 20445,
      "javaparserOnly" : 272,
      "spoonOnly" : 8979
    }
  }
}