{
  "project" : "jackson-databind",
  "javaVersion" : 11,
  "classpath" : false,
  "totals" : {
    "METHOD_INVOCATION" : 20208,
    "CONSTRUCTOR_CALL" : 2187,
    "FIELD_ACCESS" : 17117,
    "TYPE_REFERENCE" : 41036
  },
  "spoon" : {
    "METHOD_INVOCATION" : {
      "unresolved" : 66,
      "resolved" : 20142
    },
    "CONSTRUCTOR_CALL" : {
      "unresolved" : 0,
      "resolved" : 2187
    },
    "FIELD_ACCESS" : {
      "unresolved" : 1311,
      "resolved" : 15806
    },
    "TYPE_REFERENCE" : {
      "unresolved" : 1019,
      "resolved" : 40017
    }
  },
  "javaparser" : {
    "METHOD_INVOCATION" : {
      "unresolved" : 1334,
      "resolved" : 18874
    },
    "CONSTRUCTOR_CALL" : {
      "unresolved" : 185,
      "resolved" : 2002
    },
    "FIELD_ACCESS" : {
      "unresolved" : 2942,
      "resolved" : 14175
    },
    "TYPE_REFERENCE" : {
      "unresolved" : 8284,
      "resolved" : 32752
    }
  },
  "agreement" : {
    "METHOD_INVOCATION" : {
      "bothUnresolved" : 49,
      "bothResolved" : 18857,
      "javaparserOnly" : 17,
      "spoonOnly" : 1285
    },
    "CONSTRUCTOR_CALL" : {
      "bothUnresolved" : 0,
      "bothResolved" : 2002,
      "javaparserOnly" : 0,
      "spoonOnly" : 185
    },
    "FIELD_ACCESS" : {
      "bothUnresolved" : 1311,
      "bothResolved" : 14175,
      "javaparserOnly" : 0,
      "spoonOnly" : 1631
    },
    "TYPE_REFERENCE" : {
      "bothUnresolved" : 52,
      "bothResolved" : 31785,
      "javaparserOnly" : 967,
      "spoonOnly" : 8232
    }
  }
}