{
  "project" : "fast-util",
  "javaVersion" : 11,
  "classpath" : false,
  "totals" : {
    "METHOD_INVOCATION" : 372,
    "CONSTRUCTOR_CALL" : 79,
    "FIELD_ACCESS" : 539,
    "TYPE_REFERENCE" : 1066
  },
  "spoon" : {
    "METHOD_INVOCATION" : {
      "unresolved" : 21,
      "resolved" : 351
    },
    "CONSTRUCTOR_CALL" : {
      "unresolved" : 1,
      "resolved" : 78
    },
    "FIELD_ACCESS" : {
      "unresolved" : 16,
      "resolved" : 523
    },
    "TYPE_REFERENCE" : {
      "unresolved" : 12,
      "resolved" : 1054
    }
  },
  "javaparser" : {
    "METHOD_INVOCATION" : {
      "unresolved" : 122,
      "resolved" : 250
    },
    "CONSTRUCTOR_CALL" : {
      "unresolved" : 13,
      "resolved" : 66
    },
    "FIELD_ACCESS" : {
      "unresolved" : 20,
      "resolved" : 519
    },
    "TYPE_REFERENCE" : {
      "unresolved" : 680,
      "resolved" : 386
    }
  },
  "agreement" : {
    "METHOD_INVOCATION" : {
      "bothUnresolved" : 21,
      "bothResolved" : 250,
      "javaparserOnly" : 0,
      "spoonOnly" : 101
    },
    "CONSTRUCTOR_CALL" : {
      "bothUnresolved" : 1,
      "bothResolved" : 66,
      "javaparserOnly" : 0,
      "spoonOnly" : 12
    },
    "FIELD_ACCESS" : {
      "bothUnresolved" : 16,
      "bothResolved" : 519,
      "javaparserOnly" : 0,
      "spoonOnly" : 4
    },
    "TYPE_REFERENCE" : {
      "bothUnresolved" : 11,
      "bothResolved" : 385,
      "javaparserOnly" : 1,
      "spoonOnly" : 669
    }
  }
}