{
  "project" : "Rxjava",
  "javaVersion" : 11,
  "classpath" : false,
  "totals" : {
    "METHOD_INVOCATION" : 23506,
    "CONSTRUCTOR_CALL" : 3543,
    "FIELD_ACCESS" : 24342,
    "TYPE_REFERENCE" : 64401
  },
  "spoon" : {
    "METHOD_INVOCATION" : {
      "unresolved" : 1760,
      "resolved" : 21746
    },
    "CONSTRUCTOR_CALL" : {
      "unresolved" : 326,
      "resolved" : 3217
    },
    "FIELD_ACCESS" : {
      "unresolved" : 477,
      "resolved" : 23865
    },
    "TYPE_REFERENCE" : {
      "unresolved" : 3008,
      "resolved" : 61393
    }
  },
  "javaparser" : {
    "METHOD_INVOCATION" : {
      "unresolved" : 17883,
      "resolved" : 5623
    },
    "CONSTRUCTOR_CALL" : {
      "unresolved" : 2443,
      "resolved" : 1100
    },
    "FIELD_ACCESS" : {
      "unresolved" : 5641,
      "resolved" : 18701
    },
    "TYPE_REFERENCE" : {
      "unresolved" : 38164,
      "resolved" : 26237
    }
  },
  "agreement" : {
    "METHOD_INVOCATION" : {
      "bothUnresolved" : 1759,
      "bothResolved" : 5622,
      "javaparserOnly" : 1,
      "spoonOnly" : 16124
    },
    "CONSTRUCTOR_CALL" : {
      "bothUnresolved" : 326,
      "bothResolved" : 1100,
      "javaparserOnly" : 0,
      "spoonOnly" : 2117
    },
    "FIELD_ACCESS" : {
      "bothUnresolved" : 477,
      "bothResolved" : 18701,
      "javaparserOnly" : 0,
      "spoonOnly" : 5164
    },
    "TYPE_REFERENCE" : {
      "bothUnresolved" : 2559,
      "bothResolved" : 25788,
      "javaparserOnly" : 449,
      "spoonOnly" : 35605
    }
  }
}