{
  "project" : "byte-buddy",
  "javaVersion" : 11,
  "classpath" : false,
  "totals" : {
    "METHOD_INVOCATION" : 325,
    "CONSTRUCTOR_CALL" : 105,
    "FIELD_ACCESS" : 279,
    "TYPE_REFERENCE" : 665
  },
  "spoon" : {
    "METHOD_INVOCATION" : {
      "unresolved" : 160,
      "resolved" : 165
    },
    "CONSTRUCTOR_CALL" : {
      "unresolved" : 52,
      "resolved" : 53
    },
    "FIELD_ACCESS" : {
      "unresolved" : 54,
      "resolved" : 225
    },
    "TYPE_REFERENCE" : {
      "unresolved" : 181,
      "resolved" : 484
    }
  },
  "javaparser" : {
    "METHOD_INVOCATION" : {
      "unresolved" : 214,
      "resolved" : 111
    },
    "CONSTRUCTOR_CALL" : {
      "unresolved" : 81,
      "resolved" : 24
    },
    "FIELD_ACCESS" : {
      "unresolved" : 55,
      "resolved" : 224
    },
    "TYPE_REFERENCE" : {
      "unresolved" : 297,
      "resolved" : 368
    }
  },
  "agreement" : {
    "METHOD_INVOCATION" : {
      "bothUnresolved" : 160,
      "bothResolved" : 111,
      "javaparserOnly" : 0,
      "spoonOnly" : 54
    },
    "CONSTRUCTOR_CALL" : {
      "bothUnresolved" : 52,
      "bothResolved" : 24,
      "javaparserOnly" : 0,
      "spoonOnly" : 29
    },
    "FIELD_ACCESS" : {
      "bothUnresolved" : 54,
      "bothResolved" : 224,
      "javaparserOnly" : 0,
      "spoonOnly" : 1
    },
    "TYPE_REFERENCE" : {
      "bothUnresolved" : 175,
      "bothResolved" : 362,
      "javaparserOnly" : 6,
      "spoonOnly" : 122
    }
  }
}