{
  "project" : "jackson-core",
  "javaVersion" : 11,
  "classpath" : false,
  "totals" : {
    "METHOD_INVOCATION" : 0,
    "CONSTRUCTOR_CALL" : 0,
    "FIELD_ACCESS" : 0,
    "TYPE_REFERENCE" : 0
  },
  "spoon" : {
    "METHOD_INVOCATION" : {
      "unresolved" : 0,
      "resolved" : 0
    },
    "CONSTRUCTOR_CALL" : {
      "unresolved" : 0,
      "resolved" : 0
    },
    "FIELD_ACCESS" : {
      "unresolved" : 0,
      "resolved" : 0
    },
    "TYPE_REFERENCE" : {
      "unresolved" : 0,
      "resolved" : 0
    }
  },
  "javaparser" : {
    "METHOD_INVOCATION" : {
      "unresolved" : 0,
      "resolved" : 0
    },
    "CONSTRUCTOR_CALL" : {
      "unresolved" : 0,
      "resolved" : 0
    },
    "FIELD_ACCESS" : {
      "unresolved" : 0,
      "resolved" : 0
    },
    "TYPE_REFERENCE" : {
      "unresolved" : 0,
      "resolved" : 0
    }
  },
  "agreement" : {
    "METHOD_INVOCATION" : {
      "bothUnresolved" : 0,
      "bothResolved" : 0,
      "javaparserOnly" : 0,
      "spoonOnly" : 0
    },
    "CONSTRUCTOR_CALL" : {
      "bothUnresolved" : 0,
      "bothResolved" : 0,
      "javaparserOnly" : 0,
      "spoonOnly" : 0
    },
    "FIELD_ACCESS" : {
      "bothUnresolved" : 0,
      "bothResolved" : 0,
      "javaparserOnly" : 0,
      "spoonOnly" : 0
    },
    "TYPE_REFERENCE" : {
      "bothUnresolved" : 0,
      "bothResolved" : 0,
      "javaparserOnly" : 0,
      "spoonOnly" : 0
    }
  }
}