{
  "projectAmount": 283,
  "totalFiles": 17958,
  "totalMethods": 26775,
  "mavenProjectsCompilationSuccess": 56,
  "totalMethodsMavenCompilationSuccess": 5242,
  "directSuccess": 1473,
  "avgDirectTimeMs": 69.38900203665987,
  "slicingSuccess": 9915,
  "avgSlicingTimeMs": 206.66071608673727,
  "slicingEquality": {
    "totalComparedMethods": 3285,
    "equalMethods": 3093,
    "wildcardEqualMethods": 3170,
    "levenshteinTotal": 13003,
    "levenshteinAverage": 3.9582952815829526,
    "normalizedLevenshteinAverage": 0.002746516536912776
  },
  "stubbingSuccess": 16149,
  "avgStubbingTimeMs": 300.56913740788906,
  "stubbingEquality": {
    "totalComparedMethods": 4818,
    "equalMethods": 3808,
    "wildcardEqualMethods": 3902,
    "levenshteinTotal": 132675,
    "levenshteinAverage": 27.5373599003736,
    "normalizedLevenshteinAverage": 0.016128069069738536
  },
  "depsSuccess": 18773,
  "depsMavenSuccess": 4274,
  "avgDepsTimeMs": 593.0606722420498,
  "depsEquality": {
    "totalComparedMethods": 5605,
    "equalMethods": 5039,
    "wildcardEqualMethods": 5186,
    "levenshteinTotal": 80376,
    "levenshteinAverage": 14.340053523639607,
    "normalizedLevenshteinAverage": 0.007857240765026778
  }
}