{
  "project" : "log4j2",
  "javaVersion" : 11,
  "classpath" : false,
  "totals" : {
    "METHOD_INVOCATION" : 17288,
    "CONSTRUCTOR_CALL" : 2459,
    "FIELD_ACCESS" : 13365,
    "TYPE_REFERENCE" : 33089
  },
  "spoon" : {
    "METHOD_INVOCATION" : {
      "unresolved" : 261,
      "resolved" : 17027
    },
    "CONSTRUCTOR_CALL" : {
      "unresolved" : 23,
      "resolved" : 2436
    },
    "FIELD_ACCESS" : {
      "unresolved" : 763,
      "resolved" : 12602
    },
    "TYPE_REFERENCE" : {
      "unresolved" : 749,
      "resolved" : 32340
    }
  },
  "javaparser" : {
    "METHOD_INVOCATION" : {
      "unresolved" : 1894,
      "resolved" : 15394
    },
    "CONSTRUCTOR_CALL" : {
      "unresolved" : 405,
      "resolved" : 2054
    },
    "FIELD_ACCESS" : {
      "unresolved" : 1537,
      "resolved" : 11828
    },
    "TYPE_REFERENCE" : {
      "unresolved" : 7537,
      "resolved" : 25552
    }
  },
  "agreement" : {
    "METHOD_INVOCATION" : {
      "bothUnresolved" : 251,
      "bothResolved" : 15384,
      "javaparserOnly" : 10,
      "spoonOnly" : 1643
    },
    "CONSTRUCTOR_CALL" : {
      "bothUnresolved" : 21,
      "bothResolved" : 2052,
      "javaparserOnly" : 2,
      "spoonOnly" : 384
    },
    "FIELD_ACCESS" : {
      "bothUnresolved" : 762,
      "bothResolved" : 11827,
      "javaparserOnly" : 1,
      "spoonOnly" : 775
    },
    "TYPE_REFERENCE" : {
      "bothUnresolved" : 310,
      "bothResolved" : 25113,
      "javaparserOnly" : 439,
      "spoonOnly" : 7227
    }
  }
}