{
  "project" : "commons-collections",
  "javaVersion" : 11,
  "classpath" : false,
  "totals" : {
    "METHOD_INVOCATION" : 7706,
    "CONSTRUCTOR_CALL" : 1458,
    "FIELD_ACCESS" : 5550,
    "TYPE_REFERENCE" : 24590
  },
  "spoon" : {
    "METHOD_INVOCATION" : {
      "unresolved" : 0,
      "resolved" : 7706
    },
    "CONSTRUCTOR_CALL" : {
      "unresolved" : 0,
      "resolved" : 1458
    },
    "FIELD_ACCESS" : {
      "unresolved" : 124,
      "resolved" : 5426
    },
    "TYPE_REFERENCE" : {
      "unresolved" : 219,
      "resolved" : 24371
    }
  },
  "javaparser" : {
    "METHOD_INVOCATION" : {
      "unresolved" : 2810,
      "resolved" : 4896
    },
    "CONSTRUCTOR_CALL" : {
      "unresolved" : 428,
      "resolved" : 1030
    },
    "FIELD_ACCESS" : {
      "unresolved" : 735,
      "resolved" : 4815
    },
    "TYPE_REFERENCE" : {
      "unresolved" : 8402,
      "resolved" : 16188
    }
  },
  "agreement" : {
    "METHOD_INVOCATION" : {
      "bothUnresolved" : 0,
      "bothResolved" : 4896,
      "javaparserOnly" : 0,
      "spoonOnly" : 2810
    },
    "CONSTRUCTOR_CALL" : {
      "bothUnresolved" : 0,
      "bothResolved" : 1030,
      "javaparserOnly" : 0,
      "spoonOnly" : 428
    },
    "FIELD_ACCESS" : {
      "bothUnresolved" : 124,
      "bothResolved" : 4815,
      "javaparserOnly" : 0,
      "spoonOnly" : 611
    },
    "TYPE_REFERENCE" : {
      "bothUnresolved" : 42,
      "bothResolved" : 16011,
      "javaparserOnly" : 177,
      "spoonOnly" : 8360
    }
  }
}