{
  "project" : "Protocol Buffer",
  "javaVersion" : 11,
  "classpath" : false,
  "totals" : {
    "METHOD_INVOCATION" : 14073,
    "CONSTRUCTOR_CALL" : 1264,
    "FIELD_ACCESS" : 9687,
    "TYPE_REFERENCE" : 23984
  },
  "spoon" : {
    "METHOD_INVOCATION" : {
      "unresolved" : 319,
      "resolved" : 13754
    },
    "CONSTRUCTOR_CALL" : {
      "unresolved" : 0,
      "resolved" : 1264
    },
    "FIELD_ACCESS" : {
      "unresolved" : 328,
      "resolved" : 9359
    },
    "TYPE_REFERENCE" : {
      "unresolved" : 276,
      "resolved" : 23708
    }
  },
  "javaparser" : {
    "METHOD_INVOCATION" : {
      "unresolved" : 8393,
      "resolved" : 5680
    },
    "CONSTRUCTOR_CALL" : {
      "unresolved" : 462,
      "resolved" : 802
    },
    "FIELD_ACCESS" : {
      "unresolved" : 2994,
      "resolved" : 6693
    },
    "TYPE_REFERENCE" : {
      "unresolved" : 13179,
      "resolved" : 10805
    }
  },
  "agreement" : {
    "METHOD_INVOCATION" : {
      "bothUnresolved" : 313,
      "bothResolved" : 5674,
      "javaparserOnly" : 6,
      "spoonOnly" : 8080
    },
    "CONSTRUCTOR_CALL" : {
      "bothUnresolved" : 0,
      "bothResolved" : 802,
      "javaparserOnly" : 0,
      "spoonOnly" : 462
    },
    "FIELD_ACCESS" : {
      "bothUnresolved" : 328,
      "bothResolved" : 6693,
      "javaparserOnly" : 0,
      "spoonOnly" : 2666
    },
    "TYPE_REFERENCE" : {
      "bothUnresolved" : 139,
      "bothResolved" : 10668,
      "javaparserOnly" : 137,
      "spoonOnly" : 13040
    }
  }
}