{
  "project" : "jsoup",
  "javaVersion" : 11,
  "classpath" : false,
  "totals" : {
    "METHOD_INVOCATION" : 6342,
    "CONSTRUCTOR_CALL" : 647,
    "FIELD_ACCESS" : 3666,
    "TYPE_REFERENCE" : 7689
  },
  "spoon" : {
    "METHOD_INVOCATION" : {
      "unresolved" : 13,
      "resolved" : 6329
    },
    "CONSTRUCTOR_CALL" : {
      "unresolved" : 1,
      "resolved" : 646
    },
    "FIELD_ACCESS" : {
      "unresolved" : 61,
      "resolved" : 3605
    },
    "TYPE_REFERENCE" : {
      "unresolved" : 66,
      "resolved" : 7623
    }
  },
  "javaparser" : {
    "METHOD_INVOCATION" : {
      "unresolved" : 4513,
      "resolved" : 1829
    },
    "CONSTRUCTOR_CALL" : {
      "unresolved" : 411,
      "resolved" : 236
    },
    "FIELD_ACCESS" : {
      "unresolved" : 1073,
      "resolved" : 2593
    },
    "TYPE_REFERENCE" : {
      "unresolved" : 4016,
      "resolved" : 3673
    }
  },
  "agreement" : {
    "METHOD_INVOCATION" : {
      "bothUnresolved" : 12,
      "bothResolved" : 1828,
      "javaparserOnly" : 1,
      "spoonOnly" : 4501
    },
    "CONSTRUCTOR_CALL" : {
      "bothUnresolved" : 1,
      "bothResolved" : 236,
      "javaparserOnly" : 0,
      "spoonOnly" : 410
    },
    "FIELD_ACCESS" : {
      "bothUnresolved" : 61,
      "bothResolved" : 2593,
      "javaparserOnly" : 0,
      "spoonOnly" : 1012
    },
    "TYPE_REFERENCE" : {
      "bothUnresolved" : 47,
      "bothResolved" : 3654,
      "javaparserOnly" : 19,
      "spoonOnly" : 3969
    }
  }
}