{
  "project" : "pdfbox",
  "javaVersion" : 11,
  "classpath" : false,
  "totals" : {
    "METHOD_INVOCATION" : 22650,
    "CONSTRUCTOR_CALL" : 3274,
    "FIELD_ACCESS" : 15300,
    "TYPE_REFERENCE" : 32982
  },
  "spoon" : {
    "METHOD_INVOCATION" : {
      "unresolved" : 751,
      "resolved" : 21899
    },
    "CONSTRUCTOR_CALL" : {
      "unresolved" : 96,
      "resolved" : 3178
    },
    "FIELD_ACCESS" : {
      "unresolved" : 524,
      "resolved" : 14776
    },
    "TYPE_REFERENCE" : {
      "unresolved" : 833,
      "resolved" : 32149
    }
  },
  "javaparser" : {
    "METHOD_INVOCATION" : {
      "unresolved" : 14496,
      "resolved" : 8154
    },
    "CONSTRUCTOR_CALL" : {
      "unresolved" : 1944,
      "resolved" : 1330
    },
    "FIELD_ACCESS" : {
      "unresolved" : 5116,
      "resolved" : 10184
    },
    "TYPE_REFERENCE" : {
      "unresolved" : 21707,
      "resolved" : 11275
    }
  },
  "agreement" : {
    "METHOD_INVOCATION" : {
      "bothUnresolved" : 742,
      "bothResolved" : 8145,
      "javaparserOnly" : 9,
      "spoonOnly" : 13754
    },
    "CONSTRUCTOR_CALL" : {
      "bothUnresolved" : 96,
      "bothResolved" : 1330,
      "javaparserOnly" : 0,
      "spoonOnly" : 1848
    },
    "FIELD_ACCESS" : {
      "bothUnresolved" : 522,
      "bothResolved" : 10182,
      "javaparserOnly" : 2,
      "spoonOnly" : 4594
    },
    "TYPE_REFERENCE" : {
      "bothUnresolved" : 606,
      "bothResolved" : 11048,
      "javaparserOnly" : 227,
      "spoonOnly" : 21101
    }
  }
}