{
  "project" : "slf4j",
  "javaVersion" : 11,
  "classpath" : false,
  "totals" : {
    "METHOD_INVOCATION" : 747,
    "CONSTRUCTOR_CALL" : 101,
    "FIELD_ACCESS" : 463,
    "TYPE_REFERENCE" : 2172
  },
  "spoon" : {
    "METHOD_INVOCATION" : {
      "unresolved" : 0,
      "resolved" : 747
    },
    "CONSTRUCTOR_CALL" : {
      "unresolved" : 0,
      "resolved" : 101
    },
    "FIELD_ACCESS" : {
      "unresolved" : 38,
      "resolved" : 425
    },
    "TYPE_REFERENCE" : {
      "unresolved" : 12,
      "resolved" : 2160
    }
  },
  "javaparser" : {
    "METHOD_INVOCATION" : {
      "unresolved" : 162,
      "resolved" : 585
    },
    "CONSTRUCTOR_CALL" : {
      "unresolved" : 17,
      "resolved" : 84
    },
    "FIELD_ACCESS" : {
      "unresolved" : 120,
      "resolved" : 343
    },
    "TYPE_REFERENCE" : {
      "unresolved" : 670,
      "resolved" : 1502
    }
  },
  "agreement" : {
    "METHOD_INVOCATION" : {
      "bothUnresolved" : 0,
      "bothResolved" : 585,
      "javaparserOnly" : 0,
      "spoonOnly" : 162
    },
    "CONSTRUCTOR_CALL" : {
      "bothUnresolved" : 0,
      "bothResolved" : 84,
      "javaparserOnly" : 0,
      "spoonOnly" : 17
    },
    "FIELD_ACCESS" : {
      "bothUnresolved" : 28,
      "bothResolved" : 333,
      "javaparserOnly" : 10,
      "spoonOnly" : 92
    },
    "TYPE_REFERENCE" : {
      "bothUnresolved" : 5,
      "bothResolved" : 1495,
      "javaparserOnly" : 7,
      "spoonOnly" : 665
    }
  }
}