{
  "project" : "commons-io",
  "javaVersion" : 11,
  "classpath" : false,
  "totals" : {
    "METHOD_INVOCATION" : 5332,
    "CONSTRUCTOR_CALL" : 718,
    "FIELD_ACCESS" : 3460,
    "TYPE_REFERENCE" : 11381
  },
  "spoon" : {
    "METHOD_INVOCATION" : {
      "unresolved" : 0,
      "resolved" : 5332
    },
    "CONSTRUCTOR_CALL" : {
      "unresolved" : 0,
      "resolved" : 718
    },
    "FIELD_ACCESS" : {
      "unresolved" : 144,
      "resolved" : 3316
    },
    "TYPE_REFERENCE" : {
      "unresolved" : 144,
      "resolved" : 11237
    }
  },
  "javaparser" : {
    "METHOD_INVOCATION" : {
      "unresolved" : 678,
      "resolved" : 4654
    },
    "CONSTRUCTOR_CALL" : {
      "unresolved" : 40,
      "resolved" : 678
    },
    "FIELD_ACCESS" : {
      "unresolved" : 324,
      "resolved" : 3136
    },
    "TYPE_REFERENCE" : {
      "unresolved" : 3343,
      "resolved" : 8038
    }
  },
  "agreement" : {
    "METHOD_INVOCATION" : {
      "bothUnresolved" : 0,
      "bothResolved" : 4654,
      "javaparserOnly" : 0,
      "spoonOnly" : 678
    },
    "CONSTRUCTOR_CALL" : {
      "bothUnresolved" : 0,
      "bothResolved" : 678,
      "javaparserOnly" : 0,
      "spoonOnly" : 40
    },
    "FIELD_ACCESS" : {
      "bothUnresolved" : 144,
      "bothResolved" : 3136,
      "javaparserOnly" : 0,
      "spoonOnly" : 180
    },
    "TYPE_REFERENCE" : {
      "bothUnresolved" : 35,
      "bothResolved" : 7929,
      "javaparserOnly" : 109,
      "spoonOnly" : 3308
    }
  }
}