{
  "projectAmount": 283,
  "totalFiles": 17994,
  "totalMethods": 26775,
  "mavenProjectsCompilationSuccess": 52,
  "totalMethodsMavenCompilationSuccess": 4842,
  "directSuccess": 1483,
  "avgDirectTimeMs": 74.40323668240055,
  "slicingSuccess": 9926,
  "avgSlicingTimeMs": 233.30042313117067,
  "slicingEquality": {
    "totalComparedMethods": 3377,
    "equalMethods": 3188,
    "wildcardEqualMethods": 3257,
    "levenshteinTotal": 13481,
    "levenshteinAverage": 3.9920047379330765,
    "normalizedLevenshteinAverage": 0.0028976132229535843
  },
  "stubbingSuccess": 16209,
  "avgStubbingTimeMs": 329.1726818434203,
  "stubbingEquality": {
    "totalComparedMethods": 4907,
    "equalMethods": 3896,
    "wildcardEqualMethods": 3982,
    "levenshteinTotal": 149431,
    "levenshteinAverage": 30.45261870796821,
    "normalizedLevenshteinAverage": 0.016481509618805002
  },
  "depsSuccess": 18817,
  "depsMavenSuccess": 4068,
  "avgDepsTimeMs": 600.0728065047564,
  "depsEquality": {
    "totalComparedMethods": 5644,
    "equalMethods": 5088,
    "wildcardEqualMethods": 5223,
    "levenshteinTotal": 84626,
    "levenshteinAverage": 14.993975903614459,
    "normalizedLevenshteinAverage": 0.0077603197799954995
  }
}