{
  "project" : "gson",
  "javaVersion" : 11,
  "classpath" : false,
  "totals" : {
    "METHOD_INVOCATION" : 2402,
    "CONSTRUCTOR_CALL" : 546,
    "FIELD_ACCESS" : 2192,
    "TYPE_REFERENCE" : 5318
  },
  "spoon" : {
    "METHOD_INVOCATION" : {
      "unresolved" : 0,
      "resolved" : 2402
    },
    "CONSTRUCTOR_CALL" : {
      "unresolved" : 0,
      "resolved" : 546
    },
    "FIELD_ACCESS" : {
      "unresolved" : 218,
      "resolved" : 1974
    },
    "TYPE_REFERENCE" : {
      "unresolved" : 147,
      "resolved" : 5171
    }
  },
  "javaparser" : {
    "METHOD_INVOCATION" : {
      "unresolved" : 1151,
      "resolved" : 1251
    },
    "CONSTRUCTOR_CALL" : {
      "unresolved" : 275,
      "resolved" : 271
    },
    "FIELD_ACCESS" : {
      "unresolved" : 607,
      "resolved" : 1585
    },
    "TYPE_REFERENCE" : {
      "unresolved" : 2600,
      "resolved" : 2718
    }
  },
  "agreement" : {
    "METHOD_INVOCATION" : {
      "bothUnresolved" : 0,
      "bothResolved" : 1251,
      "javaparserOnly" : 0,
      "spoonOnly" : 1151
    },
    "CONSTRUCTOR_CALL" : {
      "bothUnresolved" : 0,
      "bothResolved" : 271,
      "javaparserOnly" : 0,
      "spoonOnly" : 275
    },
    "FIELD_ACCESS" : {
      "bothUnresolved" : 218,
      "bothResolved" : 1585,
      "javaparserOnly" : 0,
      "spoonOnly" : 389
    },
    "TYPE_REFERENCE" : {
      "bothUnresolved" : 27,
      "bothResolved" : 2598,
      "javaparserOnly" : 120,
      "spoonOnly" : 2573
    }
  }
}