{
  "project" : "commons-lang",
  "javaVersion" : 11,
  "classpath" : false,
  "totals" : {
    "METHOD_INVOCATION" : 8856,
    "CONSTRUCTOR_CALL" : 992,
    "FIELD_ACCESS" : 5010,
    "TYPE_REFERENCE" : 18732
  },
  "spoon" : {
    "METHOD_INVOCATION" : {
      "unresolved" : 0,
      "resolved" : 8856
    },
    "CONSTRUCTOR_CALL" : {
      "unresolved" : 0,
      "resolved" : 992
    },
    "FIELD_ACCESS" : {
      "unresolved" : 730,
      "resolved" : 4280
    },
    "TYPE_REFERENCE" : {
      "unresolved" : 150,
      "resolved" : 18582
    }
  },
  "javaparser" : {
    "METHOD_INVOCATION" : {
      "unresolved" : 550,
      "resolved" : 8306
    },
    "CONSTRUCTOR_CALL" : {
      "unresolved" : 61,
      "resolved" : 931
    },
    "FIELD_ACCESS" : {
      "unresolved" : 949,
      "resolved" : 4061
    },
    "TYPE_REFERENCE" : {
      "unresolved" : 6141,
      "resolved" : 12591
    }
  },
  "agreement" : {
    "METHOD_INVOCATION" : {
      "bothUnresolved" : 0,
      "bothResolved" : 8306,
      "javaparserOnly" : 0,
      "spoonOnly" : 550
    },
    "CONSTRUCTOR_CALL" : {
      "bothUnresolved" : 0,
      "bothResolved" : 931,
      "javaparserOnly" : 0,
      "spoonOnly" : 61
    },
    "FIELD_ACCESS" : {
      "bothUnresolved" : 730,
      "bothResolved" : 4061,
      "javaparserOnly" : 0,
      "spoonOnly" : 219
    },
    "TYPE_REFERENCE" : {
      "bothUnresolved" : 24,
      "bothResolved" : 12465,
      "javaparserOnly" : 126,
      "spoonOnly" : 6117
    }
  }
}