{
  "project" : "httpcomponents-core",
  "javaVersion" : 11,
  "classpath" : false,
  "totals" : {
    "METHOD_INVOCATION" : 11366,
    "CONSTRUCTOR_CALL" : 1949,
    "FIELD_ACCESS" : 10552,
    "TYPE_REFERENCE" : 21596
  },
  "spoon" : {
    "METHOD_INVOCATION" : {
      "unresolved" : 6,
      "resolved" : 11360
    },
    "CONSTRUCTOR_CALL" : {
      "unresolved" : 0,
      "resolved" : 1949
    },
    "FIELD_ACCESS" : {
      "unresolved" : 84,
      "resolved" : 10468
    },
    "TYPE_REFERENCE" : {
      "unresolved" : 181,
      "resolved" : 21415
    }
  },
  "javaparser" : {
    "METHOD_INVOCATION" : {
      "unresolved" : 7999,
      "resolved" : 3367
    },
    "CONSTRUCTOR_CALL" : {
      "unresolved" : 1321,
      "resolved" : 628
    },
    "FIELD_ACCESS" : {
      "unresolved" : 2531,
      "resolved" : 8021
    },
    "TYPE_REFERENCE" : {
      "unresolved" : 13704,
      "resolved" : 7892
    }
  },
  "agreement" : {
    "METHOD_INVOCATION" : {
      "bothUnresolved" : 6,
      "bothResolved" : 3367,
      "javaparserOnly" : 0,
      "spoonOnly" : 7993
    },
    "CONSTRUCTOR_CALL" : {
      "bothUnresolved" : 0,
      "bothResolved" : 628,
      "javaparserOnly" : 0,
      "spoonOnly" : 1321
    },
    "FIELD_ACCESS" : {
      "bothUnresolved" : 84,
      "bothResolved" : 8021,
      "javaparserOnly" : 0,
      "spoonOnly" : 2447
    },
    "TYPE_REFERENCE" : {
      "bothUnresolved" : 101,
      "bothResolved" : 7812,
      "javaparserOnly" : 80,
      "spoonOnly" : 13603
    }
  }
}