{"cveId":"CVE-2008-1728","fixId":"DEFAULT_BRANCH","vulResult":{"compilable":false,"buildTool":"unknown","buildSuccess":false,"totalFiles":1},"fixResult":{"compilable":false,"buildTool":"unknown","buildSuccess":false,"totalFiles":1}}
{"cveId":"CVE-2008-6505","fixId":"2.1.x","vulResult":{"compilable":true,"buildTool":"maven","buildSuccess":false,"totalFiles":1},"fixResult":{"compilable":true,"buildTool":"maven","buildSuccess":false,"totalFiles":1}}
{"cveId":"CVE-2008-6505","fixId":"2.0.x","vulResult":{"compilable":true,"buildTool":"maven","buildSuccess":false,"totalFiles":1},"fixResult":{"compilable":true,"buildTool":"maven","buildSuccess":false,"totalFiles":1}}
{"cveId":"CVE-2008-6682","fixId":"2.1.1","vulResult":{"compilable":true,"buildTool":"maven","buildSuccess":false,"totalFiles":3},"fixResult":{"compilable":true,"buildTool":"maven","buildSuccess":false,"totalFiles":3}}
{"cveId":"CVE-2008-6682","fixId":"2.0.x","vulResult":{"compilable":true,"buildTool":"maven","buildSuccess":false,"totalFiles":3},"fixResult":{"compilable":true,"buildTool":"maven","buildSuccess":false,"totalFiles":3}}
