{"cveId":"CVE-2008-1728","fixId":"DEFAULT_BRANCH","type":"slicing","vulResult":{"compilable":true,"totalFiles":1,"buildSuccess":0},"fixResult":{"compilable":true,"totalFiles":1,"buildSuccess":0}}
{"cveId":"CVE-2008-1728","fixId":"DEFAULT_BRANCH","type":"stubbing","vulResult":{"compilable":true,"totalFiles":1,"buildSuccess":0},"fixResult":{"compilable":true,"totalFiles":1,"buildSuccess":0}}
{"cveId":"CVE-2008-1728","fixId":"DEFAULT_BRANCH","type":"ambiguous stubbing","vulResult":{"compilable":true,"totalFiles":1,"buildSuccess":0},"fixResult":{"compilable":true,"totalFiles":1,"buildSuccess":0}}
{"cveId":"CVE-2008-1728","fixId":"DEFAULT_BRANCH","type":"deps","vulResult":{"compilable":true,"totalFiles":1,"buildSuccess":0},"fixResult":{"compilable":true,"totalFiles":1,"buildSuccess":0}}
{"cveId":"CVE-2008-6505","fixId":"2.1.x","type":"slicing","vulResult":{"compilable":true,"totalFiles":1,"buildSuccess":0},"fixResult":{"compilable":true,"totalFiles":1,"buildSuccess":0}}
{"cveId":"CVE-2008-6505","fixId":"2.1.x","type":"stubbing","vulResult":{"compilable":true,"totalFiles":1,"buildSuccess":0},"fixResult":{"compilable":true,"totalFiles":1,"buildSuccess":0}}
{"cveId":"CVE-2008-6505","fixId":"2.1.x","type":"ambiguous stubbing","vulResult":{"compilable":true,"totalFiles":1,"buildSuccess":1},"fixResult":{"compilable":true,"totalFiles":1,"buildSuccess":1}}
{"cveId":"CVE-2008-6505","fixId":"2.1.x","type":"deps","vulResult":{"compilable":true,"totalFiles":1,"buildSuccess":1},"fixResult":{"compilable":true,"totalFiles":1,"buildSuccess":1}}
{"cveId":"CVE-2008-6505","fixId":"2.0.x","type":"slicing","vulResult":{"compilable":true,"totalFiles":1,"buildSuccess":0},"fixResult":{"compilable":true,"totalFiles":1,"buildSuccess":0}}
{"cveId":"CVE-2008-6505","fixId":"2.0.x","type":"stubbing","vulResult":{"compilable":true,"totalFiles":1,"buildSuccess":0},"fixResult":{"compilable":true,"totalFiles":1,"buildSuccess":0}}
{"cveId":"CVE-2008-6505","fixId":"2.0.x","type":"ambiguous stubbing","vulResult":{"compilable":true,"totalFiles":1,"buildSuccess":1},"fixResult":{"compilable":true,"totalFiles":1,"buildSuccess":1}}
{"cveId":"CVE-2008-6505","fixId":"2.0.x","type":"deps","vulResult":{"compilable":true,"totalFiles":1,"buildSuccess":1},"fixResult":{"compilable":true,"totalFiles":1,"buildSuccess":0}}
{"cveId":"CVE-2008-6682","fixId":"2.1.1","type":"slicing","vulResult":{"compilable":true,"totalFiles":3,"buildSuccess":2},"fixResult":{"compilable":true,"totalFiles":3,"buildSuccess":2}}
{"cveId":"CVE-2008-6682","fixId":"2.1.1","type":"stubbing","vulResult":{"compilable":true,"totalFiles":3,"buildSuccess":2},"fixResult":{"compilable":true,"totalFiles":3,"buildSuccess":2}}
{"cveId":"CVE-2008-6682","fixId":"2.1.1","type":"ambiguous stubbing","vulResult":{"compilable":true,"totalFiles":3,"buildSuccess":2},"fixResult":{"compilable":true,"totalFiles":3,"buildSuccess":2}}
{"cveId":"CVE-2008-6682","fixId":"2.1.1","type":"deps","vulResult":{"compilable":true,"totalFiles":3,"buildSuccess":2},"fixResult":{"compilable":true,"totalFiles":3,"buildSuccess":2}}
{"cveId":"CVE-2008-6682","fixId":"2.0.x","type":"slicing","vulResult":{"compilable":true,"totalFiles":3,"buildSuccess":2},"fixResult":{"compilable":true,"totalFiles":3,"buildSuccess":2}}
{"cveId":"CVE-2008-6682","fixId":"2.0.x","type":"stubbing","vulResult":{"compilable":true,"totalFiles":3,"buildSuccess":2},"fixResult":{"compilable":true,"totalFiles":3,"buildSuccess":2}}
{"cveId":"CVE-2008-6682","fixId":"2.0.x","type":"ambiguous stubbing","vulResult":{"compilable":true,"totalFiles":3,"buildSuccess":2},"fixResult":{"compilable":true,"totalFiles":3,"buildSuccess":2}}
{"cveId":"CVE-2008-6682","fixId":"2.0.x","type":"deps","vulResult":{"compilable":true,"totalFiles":3,"buildSuccess":2},"fixResult":{"compilable":true,"totalFiles":3,"buildSuccess":2}}
